71,"deps/build.jl",1ca1a39c57ea7c4dea1c2d76d20c9d76a6f15f26,1411505551,132348,9
70,"src/HttpParser.jl",42422f840f9782a89283b0bf25c5128430a75193,1466875082,132329,60
69,"deps/build.jl",32f79e5a44f2e0e82974c27ffac1686b88016297,1441998172,132274,11
68,"src/Test.jl",97836908da9371591cfed4f04467f4aa4dddf579,1367352099,132259,67
67,"src/Test.jl",e18f3850f22788f006e2be8293eb4cad3dc727c6,1367351808,132257,66
66,"src/Test.jl",9b02c504622503d7cc3d07b3cacdeb6cd917440a,1364310346,132255,65
65,"src/Test.jl",0379472d1061082a945371380d6bf69814b8dea0,1363645123,132252,64
64,"src/Test.jl",92857d1aba55cd85c2de4ecdefee99368ad44fff,1363640597,132249,-1
63,"src/HttpParser.jl",16ae3f01cad57a973ab21aa6807dd909a9ca2fb3,1469048570,132243,62
62,"src/HttpParser.jl",86b7284cdd86b6ae46fb04c71bb4798112e83100,1467296824,132240,61
61,"src/HttpParser.jl",a208e5a0de60bea660d018920bf2d4bfa31d14b0,1464461643,132237,60
60,"src/HttpParser.jl",b4741c5993beeda5fc6f003c1e92ab7ff97ddace,1464405807,132235,59
59,"src/HttpParser.jl",109a80a613c076aae1f6daa6bdd9b635eb879178,1457872834,132232,58
58,"src/HttpParser.jl",00022a566ff47ef16f6e516b9d4bae3ce3b06a7b,1457847538,132230,57
57,"src/HttpParser.jl",f8a573d278c3fb2fdb909e24e622012b1d126d74,1450140254,132227,56
56,"src/HttpParser.jl",53409352c52e18aa63a05d4f7ccdc2ae70f35249,1447711637,132224,55
55,"src/HttpParser.jl",b575c21ba3f2744fc6d472b9aff6da87192c7132,1446680491,132223,54
54,"src/HttpParser.jl",94f49d85c28e8bc51e64e81edb540c7206cd8d1f,1436023068,132221,53
53,"src/HttpParser.jl",4c4b8d44d71909f24394d05d1f04c1276644b328,1436022043,132219,52
52,"src/HttpParser.jl",88aeb30b44c987fa21a0c2011b479d520f4e5efa,1435958961,132217,51
51,"src/HttpParser.jl",7c8a022c54d11de82b6e979544baf00a5bff2d71,1442891039,132215,50
50,"src/HttpParser.jl",9379b0a6b5c141ca214f7b38a5b7ccf37b171b44,1442891765,132213,49
49,"src/HttpParser.jl",80a3f5f192d9aa90edb12e919ac2f680b403db75,1442335766,132211,48
48,"src/HttpParser.jl",530b964fa60900b69538a29f04cfa59301519468,1442321573,132209,47
47,"src/HttpParser.jl",f0ad4c4d5a52a96f15c3884b8dba56684b0c392f,1440716007,132207,46
46,"src/HttpParser.jl",bf5ff2df0bdf3ba88de0bc2f80c59b39e58ffd94,1440707806,132205,45
45,"src/HttpParser.jl",7d8fcd59e5e9cce65cd23be13f507f28eade9ec9,1427224812,132204,44
44,"src/HttpParser.jl",d058244ba6698705f658780732a0003665b1fa42,1411980830,132202,43
43,"src/HttpParser.jl",92bc7fa9b71eff99a3cb4f0532dd3ee154c9aa5e,1394649883,132200,42
42,"src/HttpParser.jl",3fa9dc641da202eae1029adeaab2e7e374427092,1390453830,132198,41
41,"src/HttpParser.jl",59d422959ba1a8a7801199118a5cd6f6e1b7390e,1390253651,132196,40
40,"src/HttpParser.jl",45d49e0adcdf96dc32718a42988f0cb74ca0525b,1390253081,132193,39
39,"src/HttpParser.jl",e4888230b6d8b5c9eab041c6c7a8ed656520501f,1390172650,132191,38
38,"src/HttpParser.jl",2d0478e46d601c47a1907ddba24f922eb4f6ab24,1390106832,132188,37
37,"src/HttpParser.jl",3cca59bd5c676f6297dfa722206acf61bfd5dcb5,1374377647,132186,36
36,"src/HttpParser.jl",85ddbcdc5ddcc715aef637aadee5013d2d9e9db1,1373442182,132183,35
35,"src/HttpParser.jl",1ac980f14c36d9e44e15b49bd467c261a3cfc778,1371436209,132181,34
34,"src/HttpParser.jl",85174f4b07e4c4092b0cf388a10a9c07fcb64cf4,1367330959,132177,33
33,"src/HttpParser.jl",d38d4a6cb66024eb3c45b850db213b0e08c33c10,1364318720,132175,32
32,"src/HttpParser.jl",9b02c504622503d7cc3d07b3cacdeb6cd917440a,1364310346,132172,31
31,"src/HttpParser.jl",f46879380d982a3696f5380844ed580dd4e5aa24,1363727395,132170,30
30,"src/HttpParser.jl",99d0e2244b7d3866e687ef78742c72634af15a48,1363723063,132168,29
29,"src/HttpParser.jl",82af8da83d9b6dc99693ffcc759ed4ed6aefbb2e,1363645111,132166,28
28,"src/HttpParser.jl",aab1332d7dd13591e71b56f6f0fc4a00dc8bab56,1363645086,132163,27
27,"src/HttpParser.jl",92857d1aba55cd85c2de4ecdefee99368ad44fff,1363640597,132160,-1
26,"deps/ext.jl",9a363a9b09b8efd60f7c4b9d148ffbbecfc997e8,1382401003,132154,25
25,"deps/ext.jl",1ac980f14c36d9e44e15b49bd467c261a3cfc778,1371436209,132150,-1
24,"deps/build.jl",e27308d1f53ebd0207dd6fe8ebb3a8b9344555ca,1472208529,132145,23
23,"deps/build.jl",af167afeb24b876fe346ca1d40c68878348c851f,1472203417,132143,22
22,"deps/build.jl",62c33518e1761e11809f3d33cff81cd846860d89,1472038215,132141,21
21,"deps/build.jl",c674f4e6fa380f457191bce58f0a9678417cbecd,1471522778,132139,20
20,"deps/build.jl",917cbbf93e9a10529574a38a8ad9ffbb91c11c82,1471517605,132136,19
19,"deps/build.jl",2a66a74f95c5056ac44b9de6cbd0ee7e015da178,1471513956,132133,18
18,"deps/build.jl",e684a98edf1c8c69025df8158a2d67b4d0fb6f6b,1471504736,132131,17
17,"deps/build.jl",d3ca9cd5472f37143ee3443756ce4ec81558605d,1471111320,132129,16
16,"deps/build.jl",b95c1c98b64083f5e153fe6d98bd14217d52007b,1470706190,132127,15
15,"deps/build.jl",20f6ddbb665bc9cd665c5e5b2ef6c7f48804df1d,1457733958,132124,14
14,"deps/build.jl",76485ec9dd4c86931feac44a073212262a7ec00d,1446682032,132122,13
13,"deps/build.jl",b575c21ba3f2744fc6d472b9aff6da87192c7132,1446680491,132119,12
12,"deps/build.jl",80a3f5f192d9aa90edb12e919ac2f680b403db75,1442335766,132117,11
11,"deps/build.jl",66438f58604d17804a17106726f32c3b656c94d1,1435715347,132114,10
10,"deps/build.jl",79605e7f8bd5439a7a44584e14a172d43a9dccc6,1409243595,132112,9
9,"deps/build.jl",75dbefe325b515aa066375adc42b055b42e2e675,1408248015,132109,8
8,"deps/build.jl",8ddb00b3e9c65f5c7ca7120d551c09d54383392a,1390258121,132106,7
7,"deps/build.jl",e4888230b6d8b5c9eab041c6c7a8ed656520501f,1390172650,132103,6
6,"deps/build.jl",7951ad9078420aa79fded4ccdb7bde75bfab1054,1390171613,132100,5
5,"deps/build.jl",78cc31fb34c89a78cb91f581257ed299040a3000,1390171346,132098,4
4,"deps/build.jl",7f189d46814181295686d03a717e69bc0ce5a6d4,1390170170,132096,3
3,"deps/build.jl",d5412745acc1ef0c7b15c2bf5adf9be424816cc3,1380488906,132094,2
2,"deps/build.jl",3cca59bd5c676f6297dfa722206acf61bfd5dcb5,1374377647,132092,1
1,"deps/build.jl",85ddbcdc5ddcc715aef637aadee5013d2d9e9db1,1373442182,132090,0
0,"deps/build.jl",1ac980f14c36d9e44e15b49bd467c261a3cfc778,1371436209,132088,-1
