"promote\_rule",8df953ac5d64ef7263d05cfea8fd0229afc2354a,1464014607,8,8,9,12,16,16,17,18,22,23,25,26,28,29,30,32,33,34,38,43,45,47,81,106,110,125,147,182,188,189,195,201,222,225,226,233,241,244,245,251,256,262,265,275,281,289,338,344,358,371,379,398,412,462,492,541,717
"promote\_op\_fix",bb0c9a4b1c0bb63c94e203753bd28e25c83c68db,1467735132,8,8,9,14,16,16,17,18,22,23,25,26,28,29,30,32,33,34,39,43,45,48,81,106,110,125,147,182,188,189,196,201,224,234,242,244,252,257,264,275,281,289,343,344,358,371,380,400,416,471,495,541,717
"string",4dcebdf46a1e18a97fff13a1dbd48c9376d8ced6,1463656225,8,8,9,12,16,16,17,18,22,23,24,26,27,29,30,32,33,34,38,43,44,47,81,106,110,125,147,182,188,189,195,201,219,225,226,232,240,244,245,250,256,260,265,268,275,281,289,335,344,358,371,379,398,412,461,486,541,716
"acb\_docs",7ba2bd8b564456b65f81db6b9f36879aec1ae5e5,1468942154,8,8,9,14,16,16,17,18,22,23,25,26,28,29,30,32,33,34,39,43,45,48,83,108,110,126,149,184,188,189,196,201,224,234,242,244,252,257,264,275,281,289,343,344,358,371,380,400,416,471,495,541,717
"arb\_docs",4416eb613080fc0575e84ee1b5c984185d3d30e0,1468331262,8,8,9,14,16,16,17,18,22,23,25,26,28,29,30,32,33,34,39,43,45,48,83,107,110,126,147,183,188,189,196,201,224,234,242,244,252,257,264,275,281,289,343,344,358,371,380,400,416,471,495,541,717
"v0.3",c2c53f2715657be1adb9bfd55ad047b8176f1794,1421185337,711
"documentation",54d6936454ca4f5314116ecc4ffae5da5deb798c,1462911335,8,8,9,12,16,16,17,18,22,23,24,26,27,29,30,32,33,34,38,43,44,47,81,106,110,125,147,182,188,189,195,201,219,225,226,232,240,244,245,250,256,260,265,268,275,281,289,335,344,358,371,379,398,412,461,486,541,716
"duplicate\_promote",c53113ee0f0c76c58651417251afa29db8c5dd83,1458738423,1086,1086,17,18,19,20,21,22,23,24,26,27,29,30,31,33,34,38,43,44,47,81,105,110,125,147,181,188,189,195,200,218,225,226,1087,1088,244,245,1089,256,260,265,268,1090,1091,289,333,344,357,370,379,398,412,459,486,541,716
"documentation7",bd5a961f659bf2b122f5794de1301695a96ed64e,1464804538,8,8,9,13,16,16,17,18,22,23,25,26,28,29,30,32,33,34,38,43,45,48,81,106,110,125,147,182,188,189,196,201,223,225,226,234,242,244,245,252,257,264,265,275,281,289,341,344,358,371,380,400,416,469,495,541,717
"documentation10",bd0df48a2b9b6aab3913aee64447a6838fe580d9,1464809626,8,8,9,13,16,16,17,18,22,23,25,26,28,29,30,32,33,34,38,43,45,48,81,106,110,125,147,182,188,189,196,201,223,225,226,234,242,244,245,252,257,264,265,275,281,289,341,344,358,371,380,400,416,469,495,541,717
"typo\_fix",c9f6b8039c9eb270dd80bb54d610c9db3b3d1cbc,1469453992,1,2,4,7,8,8,9,15,16,16,17,18,22,23,25,26,28,29,30,32,33,34,40,43,45,48,54,59,66,73,84,109,110,126,151,185,188,189,196,201,224,234,242,244,252,257,264,275,281,289,343,344,358,371,380,400,416,471,495,541,717
"documenter",a3de43c96b698e9afd67d5b8cb1ec3f08722b818,1462805740,8,9,12,16,16,17,18,22,23,24,26,27,29,30,32,33,34,38,43,44,47,81,106,110,125,147,182,188,189,195,201,219,225,226,232,240,244,245,250,256,260,265,268,275,281,289,335,344,358,371,379,398,412,461,486,541,716
"documentation9",be65beaa4e46ddbe5a4c5f2aad092d02414dcaa0,1464809445,8,8,9,13,16,16,17,18,22,23,25,26,28,29,30,32,33,34,38,43,45,48,81,106,110,125,147,182,188,189,196,201,223,225,226,234,242,244,245,252,257,264,265,275,281,289,341,344,358,371,380,400,416,469,495,541,717
"extra\_series\_docs",5ee70796a002a403f71c075b806d28345ae9f702,1466069039,8,8,9,13,16,16,17,18,22,23,25,26,28,29,30,32,33,34,38,43,45,48,81,106,110,125,147,182,188,189,196,201,223,234,242,244,252,257,264,275,281,289,341,344,358,371,380,400,416,470,495,541,717
"fft",98db47c34d8f387c21f8e0cc83a90bc2bdd7f72f,1442593485,186,189,190,197,202,225,226,227,236,243,245,246,253,260,265,268,271,276,283,294,344,349,362,376,395,409,435,479,539,714
"generic\_types",a37942af130cdffcb2052f3cfc28847a1cc95ff9,1463589874,8,8,9,12,16,16,17,18,22,23,25,26,28,29,30,32,33,34,38,43,44,47,81,106,110,125,147,182,188,189,195,201,222,225,226,233,241,244,245,251,256,262,265,275,281,289,337,344,358,371,379,398,412,462,492,541,716
"rewrite",1703bc86af9ddb2638652d528838195c919532f6,1432126833,498,501,508,510,512,515,517,529,533,534,536,546,556,564,567,570,571,574,581,588,600,602,610,612,622,632,639,652,657,667,701,713
"series\_doc",febf0693bcc28c31897938e848d9b4b540157dc3,1465963633,8,8,9,13,16,16,17,18,22,23,25,26,28,29,30,32,33,34,38,43,45,48,81,106,110,125,147,182,188,189,196,201,223,234,242,244,252,257,264,275,281,289,341,344,358,371,380,400,416,470,495,541,717
"integer\_docs",8108d6db77e3a848c91921e14a0181bb5fa8de5d,1467299823,8,8,9,14,16,16,17,18,22,23,25,26,28,29,30,32,33,34,38,43,45,48,81,106,110,125,147,182,188,189,196,201,224,234,242,244,252,257,264,275,281,289,342,344,358,371,380,400,416,471,495,541,717
"libsing",68e5c53a9575f81acac8541ba5ec6cb3dadbeb81,1412171779,711
"series",167603a5a0f3964a78da640db80b9fabe30ff7f2,1473685692,1037,1038,1039,1040,1041,1042,1044,1045,1048,1049,1058,1060,1061,1,2,5,7,8,8,9,15,16,16,17,18,22,23,25,26,28,29,30,32,33,34,40,43,1064,48,55,60,66,73,84,1067,110,1068,151,1072,188,189,196,201,224,234,242,244,252,257,264,275,281,289,343,344,358,371,380,400,1073,1082,1085,541,717
"coerce\_fix",2018e95c2417cb859634bc59492a6cbb3e2c5e07,1465979928,8,8,9,13,16,16,17,18,22,23,25,26,28,29,30,32,33,34,38,43,45,48,81,106,110,125,147,182,188,189,196,201,223,225,226,234,242,244,245,252,257,264,265,275,281,289,341,344,358,371,380,400,416,469,495,541,717
"ftp\_mpfr",be36899fdc8ac7b059fed4079969230039e12ef2,1447612233,34,37,41,44,47,81,100,110,125,145,175,188,189,194,198,218,225,226,229,238,244,245,249,256,260,265,268,273,280,288,327,344,353,367,378,398,412,443,479,539,716
"documentation3",be54b99a06a227d0d0bffc9d0586e580c6790f9f,1462976967,8,8,9,12,16,16,17,18,22,23,24,26,27,29,30,32,33,34,38,43,44,47,81,106,110,125,147,182,188,189,195,201,219,225,226,232,240,244,245,250,256,260,265,268,275,281,289,335,344,358,371,379,398,412,461,486,541,716
"separate\_tests",9b6aa2e3151983a6ef6ef97d773f29062904073f,1464011015,8,8,9,12,16,16,17,18,22,23,25,26,28,29,30,32,33,34,38,43,45,47,81,106,110,125,147,182,188,189,195,201,222,225,226,233,241,244,245,251,256,262,265,275,281,289,337,344,358,371,379,398,412,462,492,541,717
"matrix\_docs",962643b17e98a205361f7c7e2f0ff9c7d3b28978,1466332432,8,8,9,14,16,16,17,18,22,23,25,26,28,29,30,32,33,34,38,43,45,48,81,106,110,125,147,182,188,189,196,201,224,234,242,244,252,257,264,275,281,289,342,344,358,371,380,400,416,471,495,541,717
"fix\_docs",2d5f4a332f218fbd916f5428aa267b9175faacd5,1462807312,8,9,12,16,16,17,18,22,23,24,26,27,29,30,32,33,34,38,43,44,47,81,106,110,125,147,182,188,189,195,201,219,225,226,232,240,244,245,250,256,260,265,268,275,281,289,335,344,358,371,379,398,412,461,486,541,716
"temp",4e0bd1c5229caeab50c81e999bc784621aa41a40,1425039443,544,551,562,565,570,571,573,579,583,595,602,608,612,617,632,636,648,654,662,689,712
"master",a2d331e853fd0e36f1714a371a381db4098f1ce0,1473719011,0,1,2,5,7,8,8,9,15,16,16,17,18,22,23,25,26,28,29,30,32,33,34,40,43,45,48,55,60,66,73,84,109,110,126,151,185,188,189,196,201,224,234,242,244,252,257,264,275,281,289,343,344,358,371,380,400,416,472,495,541,717
"rewrite2",36091415348b3e1bdb88bd2f506bef1195dc6b58,1429276024,536,546,555,564,566,570,571,574,581,584,598,602,610,1093,620,632,639,651,655,665,698,712
"documentation5",f0ceb6051bdcbd4109cd30ef3f5e622829faab6a,1464790693,8,8,9,13,16,16,17,18,22,23,25,26,28,29,30,32,33,34,38,43,45,48,81,106,110,125,147,182,188,189,196,201,223,225,226,234,242,244,245,252,257,264,265,275,281,289,341,344,358,371,380,400,416,469,495,541,717
"abstract\_types",d0e34cd81fb6064d8e2c3026e728b4ba6a6022e9,1464189239,8,8,9,13,16,16,17,18,22,23,25,26,28,29,30,32,33,34,38,43,45,48,81,106,110,125,147,182,188,189,196,201,223,225,226,234,242,244,245,252,257,264,265,275,281,289,341,344,358,371,380,400,416,468,495,541,717
"julia-0.5-fixes",daa6471fab3ab957b8659bbeb93d6793db376032,1462367076,16,16,17,18,22,23,24,26,27,29,30,32,33,34,38,43,44,47,81,106,110,125,147,182,188,189,195,201,219,225,226,232,240,244,245,250,256,260,265,268,275,281,289,335,344,358,371,379,398,412,460,486,541,716
"call\_fixes",2a16fe46203c83d776c82b45a6cf8e19e4ad9785,1458662457,16,17,18,19,20,21,22,23,24,26,27,29,30,31,33,34,38,43,44,47,81,105,110,125,147,181,188,189,195,199,218,225,226,232,240,244,245,250,256,260,265,268,275,281,288,332,344,357,370,379,398,412,450,486,541,716
"residue\_docs",462b2e5a93fdf07532b2185de0bf8537f50ef67c,1466138315,8,8,9,13,16,16,17,18,22,23,25,26,28,29,30,32,33,34,38,43,45,48,81,106,110,125,147,182,188,189,196,201,223,234,242,244,252,257,264,275,281,289,341,344,358,371,380,400,416,470,495,541,717
"doc\_misc",02c26fa6ca0a317608f8984eb25dd70a7315564d,1469108697,8,8,9,14,16,16,17,18,22,23,25,26,28,29,30,32,33,34,39,43,45,48,54,58,65,73,84,109,110,126,150,185,188,189,196,201,224,234,242,244,252,257,264,275,281,289,343,344,358,371,380,400,416,471,495,541,717
"finite\_field\_docs",2514d4f670c87efa8e794bff60bb67ee341fdc0b,1467447945,8,8,9,14,16,16,17,18,22,23,25,26,28,29,30,32,33,34,38,43,45,48,81,106,110,125,147,182,188,189,196,201,224,234,242,244,252,257,264,275,281,289,342,344,358,371,380,400,416,471,495,541,717
"documentation8",34d2dcb8ba7de1bfd0bbe1bb10ce70d1e7c11647,1464805574,8,8,9,13,16,16,17,18,22,23,25,26,28,29,30,32,33,34,38,43,45,48,81,106,110,125,147,182,188,189,196,201,223,225,226,234,242,244,245,252,257,264,265,275,281,289,341,344,358,371,380,400,416,469,495,541,717
"documentation2",0b88e59aa3305b783cf9fe99d35e6a7b90c91b7d,1462974287,8,8,9,12,16,16,17,18,22,23,24,26,27,29,30,32,33,34,38,43,44,47,81,106,110,125,147,182,188,189,195,201,219,225,226,232,240,244,245,250,256,260,265,268,275,281,289,335,344,358,371,379,398,412,461,486,541,716
"documentation4",9762a58ff9aefd52a95ea66492e32efa954424af,1462986015,8,8,9,12,16,16,17,18,22,23,24,26,27,29,30,32,33,34,38,43,44,47,81,106,110,125,147,182,188,189,195,201,219,225,226,232,240,244,245,250,256,260,265,268,275,281,289,335,344,358,371,379,398,412,461,486,541,716
"objectid",12bb8017783f304775c75fbc44343ba3ff29e9ae,1410294333,719,720,723,726,727,729,730,733,738,758,777,819,832,853,860,885,906,986,998,1034
"documentation6",694f1f00a6b18409b9c1039abbac88355d3a7c68,1464803031,8,8,9,13,16,16,17,18,22,23,25,26,28,29,30,32,33,34,38,43,45,48,81,106,110,125,147,182,188,189,196,201,223,225,226,234,242,244,245,252,257,264,265,275,281,289,341,344,358,371,380,400,416,469,495,541,717
"moveindex",1adbe1e0f051b3f4eb3eef2ff9413ffd26a1f589,1462812251,1094,1094,9,1095,16,16,17,18,22,23,24,26,27,29,30,32,33,34,38,43,44,47,81,1096,110,125,147,1097,188,189,195,201,219,225,226,232,240,244,245,250,256,260,265,268,275,281,289,335,344,1098,1099,379,398,412,461,486,541,716
"fmpq\_mat",9a8ccf2dcc6282fc41d9979d90bcafb4cba24544,1462379044,9,12,16,16,17,18,22,23,24,26,27,29,30,32,33,34,38,43,44,47,81,1096,110,125,147,1097,188,189,195,201,219,225,226,232,240,244,245,250,256,260,265,268,275,281,289,335,344,1098,1099,379,398,412,461,486,541,716
"jsingular",7235ad15d0a34483ade5648f339455a770285658,1414157753
"padic\_docs",6f24b38e254c659d18fdc3879336d61132bf9d3f,1467558518,8,8,9,14,16,16,17,18,22,23,25,26,28,29,30,32,33,34,38,43,45,48,81,106,110,125,147,182,188,189,196,201,224,234,242,244,252,257,264,275,281,289,342,344,358,371,380,400,416,471,495,541,717
"number\_field\_docs",88dfad3833de24f0379357f42f2e0d8f92258679,1467714781,8,8,9,14,16,16,17,18,22,23,25,26,28,29,30,32,33,34,39,43,45,48,81,106,110,125,147,182,188,189,196,201,224,234,242,244,252,257,264,275,281,289,342,344,358,371,380,400,416,471,495,541,717
"update\_todo",ea5ff52ac77408ebca8ef6a456c789024621bb8a,1469106368,8,8,9,14,16,16,17,18,22,23,25,26,28,29,30,32,33,34,39,43,45,48,54,58,65,73,84,109,110,126,150,185,188,189,196,201,224,234,242,244,252,257,264,275,281,289,343,344,358,371,380,400,416,471,495,541,717
"fraction\_docs",560428d7f3fa58e2ea4c5884bcf288d4495925bb,1466171126,8,8,9,13,16,16,17,18,22,23,25,26,28,29,30,32,33,34,38,43,45,48,81,106,110,125,147,182,188,189,196,201,223,234,242,244,252,257,264,275,281,289,341,344,358,371,380,400,416,470,495,541,717
"polyaddbug",77127a9a514eeb5df57ffc7a6730567b3987115c,1425068851,544,551,562,565,570,571,573,579,583,594,602,608,612,617,632,636,648,654,662,688,712
"gh-pages",8dea453a20f9d104807499501c5d352134a999d7,1462804865
"perm\_docs",6e7cf7efe0f522549acb005c1230f14485bee0be,1467638174,8,8,9,14,16,16,17,18,22,23,25,26,28,29,30,32,33,34,39,43,45,48,81,106,110,125,147,182,188,189,196,201,224,234,242,244,252,257,264,275,281,289,342,344,358,371,380,400,416,471,495,541,717
"arb\_poly\_merge",4471411b94f2a94b1a76d55b2b2e5848ef41c10c,1469026458,8,8,9,14,16,16,17,18,22,23,25,26,28,29,30,32,33,34,39,43,45,48,54,58,65,73,84,109,110,126,150,185,188,189,196,201,224,234,242,244,252,257,264,275,281,289,343,344,358,371,380,400,416,471,495,541,717
"mpoly",a905c225cd11c3ad0493a8115865c0174f81a9ca,1474731507,1103,1115,0,1,2,5,7,8,8,9,15,16,16,17,18,22,23,25,26,28,29,30,32,33,34,40,43,45,48,55,60,66,73,84,109,110,126,151,185,188,189,196,201,224,234,242,244,252,257,264,275,281,289,343,344,358,371,380,400,416,1118,1122,541,717
